Model,Accuracy,Precision,Recall,F1
Logistic Regression,0.8276762402088773,0.8196155282934138,0.8276762402088773,0.8158974368348759
Random Forest,0.9060052219321149,0.9052485661775764,0.9060052219321149,0.9031849241379468
XGBoost,0.8981723237597912,0.8992934448469033,0.8981723237597912,0.8963695685257831
Deep Learning,0.8093994778067886,0.8252902139227021,0.8093994778067886,0.7972850671839334
